{"cameraMode":{"drawMode":0,"name":"Shaded","section":"Shading Mode"},"sceneLighting":true,"audioPlay":false,"sceneViewState":{"m_AlwaysRefresh":false,"showFog":true,"showSkybox":true,"showFlares":true,"showImageEffects":true,"showParticleSystems":true,"showVisualEffectGraphs":true,"m_FxEnabled":true},"in2DMode":false,"pivot":{"x":-13.596822738647461,"y":17.050039291381837,"z":-9.660391807556153},"rotation":{"x":0.34052515029907229,"y":0.26496466994285586,"z":-0.10063483566045761,"w":0.8965082168579102},"size":1.171997308731079,"orthographic":false}