{"cameraMode":{"drawMode":0,"name":"Shaded","section":"Shading Mode"},"sceneLighting":true,"audioPlay":false,"sceneViewState":{"m_AlwaysRefresh":false,"showFog":true,"showSkybox":true,"showFlares":true,"showImageEffects":true,"showParticleSystems":true,"showVisualEffectGraphs":true,"m_FxEnabled":true},"in2DMode":false,"pivot":{"x":-17.900442123413087,"y":44.671504974365237,"z":39.254844665527347},"rotation":{"x":0.22249342501163484,"y":0.7676816582679749,"z":-0.34919705986976626,"w":0.4891364574432373},"size":7.739005088806152,"orthographic":false}